From,To,Distance_km,Coupling_K
NTPC_Barh,Patna_Fatuha,39.96520158713894,3.909651241451069
NTPC_Barh,Biharsharif_GSS,36.68534048478562,4.259194488457889
NTPC_Barh,Begusarai_GSS,42.48469016139707,3.6777954459927704
NTPC_Kahalgaon,Bhagalpur_GSS,24.987502260736992,6.253125997531836
NTPC_Kahalgaon,Banka_Solar,52.46597933131996,2.978120336099881
NTPC_Kahalgaon,Kishanganj_GSS,132.41068343009576,1.1800407335144512
NTPC_Nabinagar,Dehri_GSS,33.19936170168551,4.706415786062155
NTPC_Nabinagar,Gaya_GSS,89.05441447478839,1.7545452510300308
Barauni_Thermal,Begusarai_GSS,10.75083049366553,14.533760911965235
Barauni_Thermal,Samastipur_GSS,54.292728244053194,2.877917633787623
Barauni_Thermal,Biharsharif_GSS,56.716908732564846,2.7549103696176367
Kanti_Thermal,Darbhanga_GSS,62.79320685951968,2.4883264896720583
Kanti_Thermal,Gopalganj_GSS,87.22602764608746,1.7913231201353308
Kanti_Thermal,Patna_Digha,64.37593311599177,2.4271492844767106
Patna_Digha,Patna_Khagaul,8.783443645806457,17.789150394856755
Patna_Digha,Patna_Gaurichak,16.596511948525606,9.414628837951753
Patna_Gaurichak,Patna_Fatuha,11.560798141335066,13.515502830322397
Patna_Fatuha,Biharsharif_GSS,40.05185653494575,3.9011924419451045
Patna_Khagaul,Bihta_GSS,17.592495543647342,8.881627942570201
Bihta_GSS,Dehri_GSS,99.65871599671794,1.5678508240578353
Bodhgaya_GSS,Gaya_GSS,11.306667678135664,13.819279424135669
Bodhgaya_GSS,Nawada_GSS,59.55718856239591,2.62352880939473
Bodhgaya_GSS,Jamui_Solar,126.88914877668263,1.2313897721466374
Kajra_Solar,Biharsharif_GSS,65.60040626992615,2.381845005000087
Kajra_Solar,Begusarai_GSS,27.174203969372666,5.749938440739801
Banka_Solar,Bhagalpur_GSS,40.75794430600297,3.833608457455666
Banka_Solar,Jamui_Solar,70.83752920523592,2.2057516933898205
Jamui_Solar,Nawada_GSS,68.88846218778333,2.2681592103780384
Darbhanga_GSS,Samastipur_GSS,34.34718889312797,4.549135024882976
Samastipur_GSS,Begusarai_GSS,60.42299311925216,2.585936113618561
Nawada_GSS,Biharsharif_GSS,34.44061591892136,4.536794590661129
