Coupling_Multiplier,Fiedler_lambda_2,Order_Parameter_R,Freq_Std_Dev,Status
0.1,0.026492289574282388,0.39892359075930567,8.7448353005944,Drifting
0.2512820512820513,0.06657036867383778,0.6940315239120781,7.327615547132875,Drifting
0.4025641025641026,0.10664844777339319,0.43570639938703737,6.894632424178597,Drifting
0.5538461538461539,0.1467265268729486,0.3388696803379862,3.6243339367224103,Drifting
0.7051282051282052,0.186804605972504,0.453136882976978,3.7288122323742026,Drifting
0.8564102564102565,0.22688268507205941,0.47615780047500605,2.695010137522092,Drifting
1.0076923076923079,0.26696076417161485,0.6742421578907258,2.063722474158366,Drifting
1.1589743589743593,0.3070388432711703,0.7517359453148442,0.12412377032374164,Drifting
1.3102564102564105,0.34711692237072567,0.8930491221389185,0.11988945296518962,Drifting
1.4615384615384617,0.387195001470281,0.94106447389558,0.08797440100872861,Drifting
1.612820512820513,0.4272730805698365,0.9399150196152504,0.07526850864418541,Drifting
1.7641025641025645,0.46735115966939195,0.9188497088196006,0.08990117217654933,Drifting
1.9153846153846157,0.5074292387689473,0.9013172182949303,0.0958858054750895,Drifting
2.066666666666667,0.5475073178685027,0.8988249839503154,0.0980197802868308,Drifting
2.2179487179487185,0.5875853969680582,0.9167806215326121,0.08868936282322298,Drifting
2.3692307692307697,0.6276634760676135,0.9383308556950825,0.1036202695536123,Drifting
2.520512820512821,0.6677415551671689,0.9579827555032732,0.09031105874473962,Drifting
2.671794871794872,0.7078196342667243,0.9722716209734475,0.10426934868163458,Drifting
2.8230769230769233,0.7478977133662796,0.9811347907904934,0.07594776476173588,Drifting
2.974358974358975,0.7879757924658352,0.9844309692152922,0.08739988396873567,Drifting
3.125641025641026,0.8280538715653906,0.9858775241812401,0.09372373291780782,Drifting
3.2769230769230773,0.868131950664946,0.9835768919457902,0.09370862729306993,Drifting
3.428205128205129,0.9082100297645014,0.981603708678751,0.08481966949444703,Drifting
3.57948717948718,0.9482881088640568,0.975266935293058,0.08113689936433265,Drifting
3.7307692307692313,0.9883661879636122,0.9734259896501757,0.09054495099131847,Drifting
3.8820512820512825,1.0284442670631675,0.9716988093727118,0.09601739337821003,Drifting
4.033333333333333,1.068522346162723,0.9733606616570879,0.06184217995015799,Drifting
4.184615384615385,1.1086004252622783,0.9775226285857931,0.09012158737779111,Drifting
4.3358974358974365,1.1486785043618337,0.981567440319008,0.08248421281573229,Drifting
4.487179487179487,1.1887565834613891,0.9845487205890286,0.10029580423950443,Drifting
4.638461538461539,1.2288346625609445,0.9898720050562629,0.09517717398308885,Drifting
4.78974358974359,1.2689127416605,0.991361958949056,0.06622408734534957,Drifting
4.941025641025641,1.3089908207600554,0.9939056983799667,0.11215025649615551,Drifting
5.092307692307693,1.3490688998596108,0.9942975149568002,0.09941171803398803,Drifting
5.243589743589744,1.3891469789591662,0.9948038959939671,0.08731987462997472,Drifting
5.394871794871795,1.4292250580587216,0.9950268301728219,0.0851668346373431,Drifting
5.546153846153846,1.4693031371582768,0.994561423551978,0.08862614758224006,Drifting
5.697435897435898,1.5093812162578324,0.993218299255283,0.10365162402828032,Drifting
5.848717948717949,1.5494592953573878,0.9918970302881731,0.10734289412428363,Drifting
6.0,1.5895373744569432,0.991846566593412,0.11046551870873177,Drifting
